date,open,high,close,low,volume,price_change,p_change,ma5,ma10,ma20,v_ma5,v_ma10,v_ma20
2020-03-31,5.05,5.06,4.97,4.97,16649.7,-0.02,-0.4,5.056,5.054,5.211,25853.68,29843.08,51196.99
2020-03-30,5.08,5.08,4.99,4.95,29668.0,-0.12,-2.35,5.076,5.068,5.233,27593.22,33225.29,54735.77
2020-03-27,5.1,5.14,5.11,5.07,31084.76,0.05,0.99,5.072,5.081,5.247,29458.8,35790.34,55467.19
2020-03-26,5.1,5.15,5.06,5.05,22825.54,-0.09,-1.75,5.07,5.095,5.248,28379.42,38775.95,57692.12
2020-03-25,5.14,5.16,5.15,5.08,29040.38,0.08,1.58,5.068,5.12,5.264,32236.51,42501.72,59571.13
2020-03-24,5.03,5.08,5.07,4.99,25347.42,0.1,2.01,5.052,5.151,5.271,33832.49,45995.64,61380.95
2020-03-23,5.05,5.05,4.97,4.96,38995.9,-0.13,-2.55,5.06,5.189,5.282,38857.36,50554.9,64165.64
2020-03-20,5.1,5.13,5.1,5.06,25687.84,0.05,0.99,5.09,5.231,5.304,42121.87,55225.96,64874.47
2020-03-19,5.01,5.11,5.05,4.97,42111.0,-0.02,-0.39,5.12,5.279,5.318,49172.48,60602.53,66705.89
2020-03-18,5.14,5.23,5.07,5.06,37020.27,-0.04,-0.78,5.172,5.328,5.335,52766.93,65054.21,67370.27
2020-03-17,5.14,5.19,5.11,4.98,50471.8,-0.01,-0.2,5.25,5.367,5.347,58158.79,72550.9,67979.9
2020-03-16,5.28,5.33,5.12,5.1,55318.44,-0.13,-2.48,5.318,5.397,5.358,62252.44,76246.25,67990.76
2020-03-13,4.98,5.3,5.25,4.97,60940.9,-0.06,-1.13,5.372,5.413,5.367,68330.06,75144.05,67787.79
2020-03-12,5.43,5.46,5.31,5.27,60083.25,-0.15,-2.75,5.438,5.4,5.364,72032.57,76608.28,66093.62
2020-03-11,5.45,5.55,5.46,5.44,63979.57,0.01,0.18,5.484,5.407,5.358,77341.49,76640.54,65544.8
2020-03-10,5.29,5.46,5.45,5.2,70940.06,0.06,1.11,5.484,5.391,5.348,86943.02,76766.26,63734.73
2020-03-09,5.5,5.54,5.39,5.37,85706.51,-0.19,-3.4,5.476,5.374,5.337,90240.06,77776.37,62176.07
2020-03-06,5.49,5.59,5.58,5.46,79453.45,0.04,0.72,5.454,5.376,5.335,81958.04,74522.98,61777.74
2020-03-05,5.53,5.55,5.54,5.44,86627.88,0.08,1.47,5.362,5.357,5.325,81184.0,72809.26,63551.19
2020-03-04,5.47,5.57,5.46,5.42,111987.18,0.05,0.92,5.33,5.341,5.302,75939.58,69686.32,61971.94
2020-03-03,5.35,5.44,5.41,5.31,87425.26,0.13,2.46,5.298,5.326,5.276,66589.5,63408.89,58641.14
2020-03-02,5.14,5.33,5.28,5.14,44296.44,0.16,3.12,5.272,5.318,5.25,65312.68,59735.28,58259.55
2020-02-28,5.3,5.31,5.12,5.11,75583.22,-0.26,-4.83,5.298,5.321,5.236,67087.91,60431.52,56913.43
2020-02-27,5.33,5.42,5.38,5.28,60405.82,0.08,1.51,5.352,5.327,5.257,64434.53,55578.96,55633.36
2020-02-26,5.23,5.4,5.3,5.19,65236.74,0.02,0.38,5.352,5.308,5.273,63433.05,54449.07,54269.44
2020-02-25,5.33,5.33,5.28,5.15,81041.17,-0.13,-2.4,5.354,5.304,5.293,60228.28,50703.21,52637.13
2020-02-24,5.36,5.43,5.41,5.34,53172.59,0.02,0.37,5.364,5.299,5.317,54157.88,46575.78,50151.85
2020-02-21,5.37,5.43,5.39,5.35,62316.32,0.01,0.19,5.344,5.293,5.331,53775.14,49032.51,48738.73
2020-02-20,5.31,5.39,5.38,5.27,55398.43,0.07,1.32,5.302,5.293,5.346,46723.39,54293.12,47377.19
2020-02-19,5.32,5.38,5.31,5.28,49212.9,-0.02,-0.38,5.264,5.263,5.366,45465.09,54257.56,47148.49
2020-02-18,5.3,5.38,5.33,5.28,50689.16,0.02,0.38,5.254,5.226,5.395,41178.13,53873.4,48832.0
2020-02-17,5.18,5.31,5.31,5.18,51258.87,0.13,2.51,5.234,5.182,5.419,38993.68,56783.83,47934.57
2020-02-14,5.19,5.22,5.18,5.15,27057.57,-0.01,-0.19,5.242,5.15,5.442,44289.88,53395.34,46816.75
2020-02-13,5.24,5.26,5.19,5.12,49106.93,-0.07,-1.33,5.284,5.186,5.472,61862.85,55687.76,47424.88
2020-02-12,5.22,5.27,5.26,5.2,27778.12,0.03,0.57,5.262,5.238,5.497,63050.03,54089.8,47708.89
2020-02-11,5.33,5.36,5.23,5.21,39766.93,-0.12,-2.24,5.198,5.282,5.525,66568.66,54571.05,48584.72
2020-02-10,5.39,5.47,5.35,5.27,77739.83,-0.04,-0.74,5.13,5.334,5.55,74573.97,53727.92,48832.55
2020-02-07,5.12,5.41,5.39,5.06,114922.43,0.31,6.1,5.058,5.368,5.57,62500.81,48444.96,46622.86
2020-02-06,4.94,5.12,5.08,4.92,55042.85,0.14,2.83,5.088,5.399,5.587,49512.66,40461.26,42807.3
2020-02-05,4.89,5.04,4.94,4.89,45371.28,0.05,1.02,5.214,5.469,5.616,45129.58,40039.43,41608.71
2020-02-04,4.53,4.93,4.89,4.53,79793.47,-0.1,-2.0,5.366,5.564,5.65,42573.44,43790.61,41477.52
2020-02-03,4.99,4.99,4.99,4.99,17374.0,-0.55,-9.93,5.538,5.655,5.686,32881.87,39085.32,39097.68
2020-01-23,5.7,5.7,5.54,5.5,49981.71,-0.17,-2.98,5.678,5.733,5.718,34389.12,40238.16,39698.95
2020-01-22,5.7,5.74,5.71,5.61,33127.42,0.01,0.17,5.71,5.758,5.719,31409.86,39162.0,38501.35
2020-01-21,5.75,5.78,5.7,5.7,32590.6,-0.05,-0.87,5.724,5.756,5.713,34949.27,41327.97,38129.47
2020-01-20,5.68,5.75,5.75,5.68,31335.61,0.06,1.05,5.762,5.767,5.704,45007.77,42598.39,38381.17
2020-01-17,5.73,5.74,5.69,5.68,24910.24,-0.01,-0.17,5.772,5.766,5.698,45288.77,43937.18,39160.61
2020-01-16,5.79,5.82,5.7,5.7,35085.41,-0.08,-1.38,5.788,5.772,5.701,46087.2,44800.77,39208.37
2020-01-15,5.87,5.87,5.78,5.74,50824.51,-0.11,-1.87,5.806,5.774,5.702,46914.15,45153.35,38950.13
2020-01-14,5.8,5.96,5.89,5.78,82883.1,0.09,1.55,5.788,5.763,5.701,47706.67,43178.0,38618.6
2020-01-13,5.78,5.8,5.8,5.7,32740.61,0.03,0.52,5.772,5.736,5.69,40189.0,39164.44,36046.65
2020-01-10,5.79,5.81,5.77,5.73,28902.36,-0.02,-0.34,5.76,5.717,5.68,42585.59,39110.04,36491.9
2020-01-09,5.72,5.8,5.79,5.72,39220.17,0.1,1.76,5.756,5.703,5.666,43514.34,39159.74,35661.46
2020-01-08,5.78,5.79,5.69,5.67,54787.09,-0.12,-2.06,5.742,5.68,5.652,43392.54,37840.7,35525.31
2020-01-07,5.74,5.82,5.81,5.74,45294.78,0.07,1.22,5.738,5.669,5.643,38649.33,34930.97,33742.91
2020-01-06,5.71,5.8,5.74,5.68,44723.56,-0.01,-0.17,5.7,5.64,5.628,38139.88,34163.94,32204.5
2020-01-03,5.72,5.75,5.75,5.69,33546.08,0.03,0.52,5.674,5.63,5.617,35634.5,34384.03,30604.18
2020-01-02,5.71,5.74,5.72,5.67,38611.19,0.05,0.88,5.65,5.629,5.604,34805.14,33615.96,30789.88
2019-12-31,5.63,5.67,5.67,5.61,31071.04,0.05,0.89,5.618,5.63,5.59,32288.87,32746.91,29484.04
2019-12-30,5.61,5.64,5.62,5.46,42747.53,0.01,0.18,5.6,5.638,5.578,31212.61,34059.2,28686.48
2019-12-27,5.63,5.67,5.61,5.59,32196.64,-0.02,-0.35,5.58,5.643,5.568,30188.01,32928.86,27100.93
2019-12-26,5.59,5.66,5.63,5.56,29399.3,0.07,1.26,5.586,5.643,5.557,33133.56,33873.76,26059.13
2019-12-25,5.59,5.61,5.56,5.55,26029.83,-0.02,-0.36,5.608,5.629,5.546,32426.79,32163.17,25182.9
2019-12-24,5.52,5.61,5.58,5.52,25689.75,0.06,1.09,5.642,5.624,5.54,33204.94,33209.91,24483.22
2019-12-23,5.63,5.64,5.52,5.52,37624.52,-0.12,-2.13,5.676,5.617,5.533,36905.78,32554.85,24490.11
2019-12-20,5.77,5.77,5.64,5.62,46924.4,-0.1,-1.74,5.706,5.616,5.533,35669.7,30245.06,23863.49
2019-12-19,5.72,5.77,5.74,5.7,25865.43,0.01,0.17,5.7,5.603,5.525,34613.97,26824.32,22169.12
2019-12-18,5.75,5.77,5.73,5.71,29920.61,-0.02,-0.35,5.65,5.578,5.513,31899.56,27963.8,21530.3
2019-12-17,5.67,5.76,5.75,5.64,44193.96,0.08,1.41,5.606,5.55,5.501,33214.89,26221.18,20891.54
2019-12-16,5.61,5.68,5.67,5.58,31444.12,0.06,1.07,5.558,5.518,5.489,28203.91,23313.76,20147.75
2019-12-13,5.51,5.62,5.61,5.51,41645.71,0.12,2.19,5.526,5.492,5.475,24820.41,21273.01,19375.75
2019-12-12,5.51,5.52,5.49,5.47,12293.41,-0.02,-0.36,5.506,5.471,5.462,19034.68,18244.5,18574.92
2019-12-11,5.51,5.56,5.51,5.5,36497.23,0.0,0.0,5.506,5.463,5.461,24028.05,18202.63,18698.34
2019-12-10,5.47,5.53,5.51,5.45,19139.09,0.0,0.0,5.494,5.456,5.46,19227.48,15756.54,17572.14
2019-12-09,5.52,5.53,5.51,5.48,14526.62,0.0,0.0,5.478,5.449,5.458,18423.61,16425.37,17430.08
2019-12-06,5.49,5.51,5.51,5.46,12717.06,0.02,0.36,5.458,5.449,5.456,17725.61,17481.92,18322.95
2019-12-05,5.45,5.51,5.49,5.43,37260.23,0.04,0.73,5.436,5.447,5.461,17454.31,17513.91,18775.1
2019-12-04,5.37,5.45,5.45,5.37,12494.4,0.02,0.37,5.42,5.447,5.468,12377.21,15096.79,18322.21
2019-12-03,5.41,5.43,5.43,5.36,15119.73,0.02,0.37,5.418,5.452,5.477,12285.59,15561.9,19313.79
2019-12-02,5.41,5.45,5.41,5.4,11036.63,0.01,0.18,5.42,5.46,5.494,14427.14,16981.74,20388.21
2019-11-29,5.41,5.43,5.4,5.35,11360.57,-0.01,-0.18,5.44,5.458,5.509,17238.23,17478.49,21345.76
2019-11-28,5.42,5.45,5.41,5.38,11874.71,-0.03,-0.55,5.458,5.452,5.526,17573.51,18905.35,23262.29
2019-11-27,5.44,5.47,5.44,5.42,12036.31,0.0,0.0,5.474,5.458,5.534,17816.37,19194.05,23894.06
2019-11-26,5.5,5.54,5.44,5.4,25827.46,-0.07,-1.27,5.486,5.463,5.546,18838.2,19387.74,24890.92
2019-11-25,5.49,5.51,5.51,5.42,25092.09,0.02,0.36,5.5,5.467,5.556,19536.34,18434.79,24866.3
2019-11-22,5.52,5.55,5.49,5.46,13037.0,0.0,0.0,5.476,5.463,5.566,17718.76,19163.97,25734.82
2019-11-21,5.47,5.59,5.49,5.47,13089.0,-0.01,-0.18,5.446,5.475,5.573,20237.18,20036.29,26491.07
2019-11-20,5.54,5.54,5.5,5.45,17145.46,-0.01,-0.18,5.442,5.489,5.576,20571.72,21547.63,26949.0
2019-11-19,5.42,5.56,5.51,5.36,29318.16,0.12,2.23,5.44,5.501,5.578,19937.27,23065.67,27870.71
2019-11-18,5.34,5.43,5.39,5.31,16004.16,0.05,0.94,5.434,5.527,5.583,17333.24,23794.68,27636.46
2019-11-15,5.46,5.49,5.34,5.34,25629.1,-0.13,-2.38,5.45,5.56,5.592,20609.19,25213.03,29157.97
2019-11-14,5.45,5.53,5.47,5.45,14761.73,-0.02,-0.36,5.504,5.599,5.611,19835.39,27619.23,30538.05
2019-11-13,5.49,5.5,5.49,5.43,13973.2,0.01,0.18,5.536,5.609,5.624,22523.53,28594.07,32168.02
2019-11-12,5.53,5.53,5.48,5.42,16298.0,0.01,0.18,5.562,5.628,5.637,26194.08,30394.11,35439.73
2019-11-11,5.6,5.6,5.47,5.42,32383.93,-0.14,-2.5,5.62,5.644,5.653,30256.12,31297.8,41521.83
2019-11-08,5.66,5.7,5.61,5.58,21760.11,-0.02,-0.35,5.67,5.669,5.682,29816.86,32305.66,52380.12
2019-11-07,5.63,5.67,5.63,5.58,28202.41,0.01,0.18,5.694,5.67,5.682,35403.06,32945.86,52152.02
2019-11-06,5.77,5.77,5.62,5.59,32325.94,-0.15,-2.6,5.682,5.663,5.68,34664.61,32350.38,51679.08
2019-11-05,5.71,5.77,5.77,5.68,36608.21,0.05,0.87,5.694,5.655,5.675,34594.15,32675.76,50986.77
2019-11-04,5.73,5.74,5.72,5.67,30187.63,-0.01,-0.17,5.668,5.638,5.662,32339.49,31478.23,49991.47
2019-11-01,5.57,5.85,5.73,5.57,49691.09,0.16,2.87,5.668,5.624,5.649,34794.45,33102.91,49555.33
2019-10-31,5.66,5.67,5.57,5.56,24510.16,-0.11,-1.94,5.646,5.623,5.639,30488.67,33456.88,47949.93
2019-10-30,5.65,5.73,5.68,5.62,31973.65,0.04,0.71,5.644,5.638,5.635,30036.16,35741.97,48206.38
2019-10-29,5.72,5.72,5.64,5.63,25334.91,-0.08,-1.4,5.616,5.645,5.631,30757.36,40485.35,47685.04
2019-10-28,5.59,5.73,5.72,5.59,42462.46,0.1,1.78,5.608,5.661,5.634,30616.98,51745.86,47736.19
2019-10-25,5.56,5.63,5.62,5.52,28162.16,0.06,1.08,5.58,5.695,5.63,31411.36,72454.59,47298.52
2019-10-24,5.55,5.59,5.56,5.51,22247.61,0.02,0.36,5.6,5.694,5.639,36425.08,71358.17,46875.91
2019-10-23,5.6,5.63,5.54,5.52,35579.67,-0.06,-1.07,5.632,5.696,5.65,41447.78,71007.78,47026.69
2019-10-22,5.54,5.61,5.6,5.54,24633.0,0.02,0.36,5.674,5.695,5.661,50213.34,69297.78,46737.9
2019-10-21,5.68,5.69,5.58,5.5,46434.34,-0.14,-2.45,5.714,5.685,5.671,72874.73,68504.71,47622.15
2019-10-18,5.72,5.85,5.72,5.7,53230.8,0.0,0.0,5.81,5.674,5.689,113497.82,66007.76,47919.99
2019-10-17,5.75,5.79,5.72,5.69,47361.07,-0.03,-0.52,5.788,5.654,5.698,106291.26,62442.98,47148.57
2019-10-16,5.78,5.86,5.75,5.73,79407.5,-0.05,-0.86,5.76,5.631,5.706,100567.78,60670.79,46765.71
2019-10-15,5.96,6.01,5.8,5.77,137939.94,-0.26,-4.29,5.716,5.616,5.715,88382.22,54884.73,44707.71
2019-10-14,5.88,6.17,6.06,5.75,249549.78,0.45,8.02,5.656,5.606,5.721,64134.7,43726.53,39887.75
2019-10-11,5.58,5.63,5.61,5.55,17198.0,0.03,0.54,5.538,5.565,5.71,18517.69,22142.45,29494.47
2019-10-10,5.52,5.58,5.58,5.52,18743.7,0.05,0.9,5.52,5.584,5.72,18594.7,22393.65,31976.46
2019-10-09,5.48,5.55,5.53,5.42,18479.7,0.03,0.55,5.502,5.604,5.73,20773.79,23045.6,33257.51
2019-10-08,5.47,5.54,5.5,5.47,16702.31,0.03,0.55,5.516,5.627,5.741,21387.23,24178.02,34235.5
2019-09-30,5.51,5.57,5.47,5.47,21464.76,-0.05,-0.91,5.556,5.656,5.753,23318.37,26739.59,35354.13
2019-09-27,5.5,5.54,5.52,5.44,17583.01,0.03,0.55,5.592,5.703,5.759,25767.21,29832.22,36367.0
2019-09-26,5.65,5.65,5.49,5.49,29639.16,-0.11,-1.96,5.648,5.742,5.769,26192.61,31854.15,37198.99
2019-09-25,5.68,5.69,5.6,5.59,21546.9,-0.1,-1.75,5.706,5.78,5.777,25317.41,32860.63,37101.18
2019-09-24,5.67,5.73,5.7,5.64,26358.0,0.05,0.89,5.738,5.813,5.778,26968.81,34530.69,37800.11
2019-09-23,5.8,5.8,5.65,5.62,33709.0,-0.15,-2.59,5.756,5.835,5.768,30160.81,36048.97,38096.34
2019-09-20,5.77,5.82,5.8,5.77,19710.0,0.02,0.35,5.814,5.855,5.767,33897.23,36846.49,37311.71
2019-09-19,5.75,5.79,5.78,5.73,25263.17,0.02,0.35,5.836,5.855,5.759,37515.69,41559.27,37287.08
2019-09-18,5.81,5.83,5.76,5.74,29803.86,-0.03,-0.52,5.854,5.855,5.752,40403.84,43469.42,37478.3
2019-09-17,5.93,5.95,5.79,5.78,42318.0,-0.15,-2.52,5.888,5.854,5.745,42092.57,44292.99,37666.55
2019-09-16,5.91,5.99,5.94,5.9,52391.11,0.03,0.51,5.914,5.85,5.739,41937.13,43968.68,37214.65
2019-09-12,5.87,5.92,5.91,5.83,37802.33,0.04,0.68,5.896,5.815,5.717,39795.74,42901.77,35845.83
2019-09-11,5.91,5.96,5.87,5.87,39703.9,-0.06,-1.01,5.874,5.796,5.696,45602.84,42543.83,35426.01
2019-09-10,5.92,5.95,5.93,5.88,38247.53,0.01,0.17,5.856,5.773,5.676,46535.0,41341.74,34421.33
2019-09-09,5.88,5.92,5.92,5.85,41540.8,0.07,1.2,5.82,5.742,5.651,46493.4,41069.53,33259.68
2019-09-06,5.81,5.87,5.85,5.78,41684.16,0.05,0.86,5.786,5.701,5.63,46000.23,40143.71,32080.32
2019-09-05,5.8,5.87,5.8,5.78,66837.79,0.02,0.35,5.734,5.678,5.609,46007.8,37776.94,31356.26
2019-09-04,5.71,5.78,5.78,5.68,44364.72,0.03,0.52,5.718,5.662,5.594,39484.83,33014.89,29146.45
2019-09-03,5.73,5.77,5.75,5.69,38039.55,0.0,0.0,5.69,5.648,5.578,36148.48,31487.17,28063.61
2019-09-02,5.67,5.75,5.75,5.57,39074.94,0.16,2.86,5.664,5.636,5.563,35645.66,31040.11,29015.83
2019-08-30,5.73,5.75,5.59,5.57,41722.02,-0.13,-2.27,5.616,5.627,5.561,34287.18,30460.62,28660.02
2019-08-29,5.62,5.72,5.72,5.62,34222.9,0.08,1.42,5.622,5.619,5.569,29546.07,28789.88,29422.85
2019-08-28,5.62,5.66,5.64,5.61,27683.0,0.02,0.36,5.606,5.595,5.58,26544.96,28308.18,28767.23
2019-08-27,5.55,5.65,5.62,5.54,35525.44,0.11,2.0,5.606,5.578,5.598,26825.86,27500.92,28333.23
2019-08-26,5.57,5.57,5.51,5.48,32282.56,-0.11,-1.96,5.608,5.56,5.618,26434.55,25449.82,28089.51
2019-08-23,5.64,5.69,5.62,5.61,18016.47,-0.02,-0.35,5.638,5.559,5.643,26634.06,24016.92,27564.46
2019-08-22,5.64,5.66,5.64,5.58,19217.33,0.0,0.0,5.616,5.539,5.663,28033.68,24935.58,27610.42
2019-08-21,5.62,5.67,5.64,5.58,29087.51,0.01,0.18,5.584,5.526,5.684,30071.4,25278.0,28111.67
2019-08-20,5.67,5.71,5.63,5.61,33568.9,-0.03,-0.53,5.55,5.507,5.703,28175.98,24640.04,28160.86
2019-08-19,5.54,5.67,5.66,5.53,33280.11,0.15,2.72,5.512,5.489,5.719,24465.09,26991.55,27626.86
2019-08-16,5.51,5.56,5.51,5.48,25014.54,0.03,0.55,5.48,5.494,5.73,21399.78,26859.41,28101.46
2019-08-15,5.35,5.51,5.48,5.3,29405.95,0.01,0.18,5.462,5.519,5.757,21837.48,30055.81,28529.5
2019-08-14,5.54,5.55,5.47,5.46,19610.41,0.03,0.55,5.468,5.565,5.785,20484.6,29226.27,30088.52
2019-08-13,5.48,5.48,5.44,5.42,15014.46,-0.06,-1.09,5.464,5.617,5.824,21104.1,29165.53,31480.26
2019-08-12,5.47,5.5,5.5,5.42,17953.56,0.08,1.48,5.466,5.676,5.862,29518.0,30729.2,32909.48
2019-08-09,5.53,5.59,5.42,5.42,27203.0,-0.09,-1.63,5.508,5.727,5.9,32319.03,31112.0,34914.69
2019-08-08,5.47,5.57,5.51,5.47,22641.58,0.06,1.1,5.576,5.787,5.938,38274.15,30285.25,36921.64
2019-08-07,5.47,5.5,5.45,5.42,22707.88,0.0,0.0,5.662,5.842,5.978,37967.94,30945.34,39269.41
2019-08-06,5.61,5.62,5.45,5.33,57084.0,-0.26,-4.55,5.77,5.899,6.022,37226.96,31681.68,41234.3
2019-08-05,5.79,5.8,5.71,5.7,31958.7,-0.05,-0.87,5.886,5.949,6.07,31940.39,28262.17,42351.28
2019-08-02,5.83,5.86,5.76,5.71,56978.6,-0.18,-3.03,5.946,5.966,6.108,29904.97,29343.5,47126.11
2019-08-01,5.96,6.0,5.94,5.93,21110.5,-0.05,-0.83,5.998,5.995,6.156,22296.35,27003.18,55252.08
2019-07-31,6.04,6.04,5.99,5.95,19003.0,-0.04,-0.66,6.022,6.004,6.21,23922.74,30950.78,72259.4
2019-07-30,5.98,6.09,6.03,5.98,30651.17,0.02,0.33,6.028,6.03,6.247,26136.4,33794.99,80266.32
2019-07-29,6.03,6.06,6.01,5.99,21781.6,-0.01,-0.17,6.012,6.047,6.279,24583.95,35089.77,88187.34
2019-07-26,6.06,6.06,6.02,5.99,18935.5,-0.04,-0.66,5.986,6.072,6.321,28782.03,38717.38,102322.58
2019-07-25,6.01,6.08,6.06,5.99,29242.41,0.04,0.66,5.992,6.089,6.344,31710.01,43558.03,106835.04
2019-07-24,5.97,6.08,6.02,5.96,30071.34,0.07,1.18,5.986,6.113,6.364,37978.81,47593.49,111791.7
2019-07-23,5.93,5.97,5.95,5.85,22888.9,0.07,1.19,6.032,6.145,6.383,41453.57,50786.92,115037.05
2019-07-22,6.07,6.1,5.88,5.86,42772.0,-0.17,-2.81,6.082,6.191,6.417,45595.59,56440.39,124045.34
2019-07-19,6.05,6.13,6.05,6.03,33575.42,0.02,0.33,6.158,6.25,6.454,48652.73,64908.71,132234.28
2019-07-18,6.21,6.21,6.03,6.02,60586.41,-0.22,-3.52,6.186,6.317,6.493,55406.04,83500.97,145939.81
2019-07-17,6.24,6.3,6.25,6.21,47445.1,0.05,0.81,6.24,6.416,6.511,57208.16,113568.02,152556.3
2019-07-16,6.26,6.27,6.2,6.2,43599.0,-0.06,-0.96,6.258,6.463,6.501,60120.26,126737.66,154206.8
2019-07-15,6.2,6.28,6.26,6.13,58057.74,0.07,1.13,6.3,6.511,6.487,67285.19,141284.91,153021.6
2019-07-12,6.3,6.3,6.19,6.19,67341.94,-0.11,-1.75,6.342,6.57,6.468,81164.69,165927.78,151180.86
2019-07-11,6.39,6.43,6.3,6.25,69597.01,-0.04,-0.63,6.448,6.598,6.454,111595.91,170112.05,149654.36
2019-07-10,6.44,6.51,6.34,6.31,62005.63,-0.07,-1.09,6.592,6.615,6.439,169927.89,175989.91,148976.78
2019-07-09,6.47,6.5,6.41,6.32,79423.64,-0.06,-0.93,6.668,6.621,6.417,193355.06,179287.18,147779.83
2019-07-08,6.67,6.7,6.47,6.39,127455.21,-0.25,-3.72,6.722,6.643,6.393,215284.63,191650.29,146190.03
2019-07-05,6.89,6.94,6.72,6.71,219498.06,-0.3,-4.27,6.798,6.658,6.356,250690.88,199559.85,140871.85
2019-07-04,6.66,7.37,7.02,6.61,361256.91,0.3,4.46,6.748,6.669,6.305,228628.19,208378.65,131496.58
2019-07-03,6.59,6.82,6.72,6.52,179141.47,0.04,0.6,6.638,6.605,6.245,182051.93,191544.58,114923.12
2019-07-02,6.66,6.76,6.68,6.59,189071.52,-0.17,-2.48,6.574,6.539,6.2,165219.3,181675.93,108466.88
2019-07-01,6.63,6.99,6.85,6.55,304486.44,0.38,5.87,6.564,6.462,6.168,168015.94,164758.28,101818.63
2019-06-28,6.46,6.5,6.47,6.31,109184.63,0.0,0.0,6.518,6.365,6.124,148428.81,136433.94,88342.38
2019-06-27,6.41,6.62,6.47,6.39,128375.6,0.07,1.09,6.59,6.309,6.098,188129.11,129196.66,84335.42
2019-06-26,6.5,6.53,6.4,6.39,94978.31,-0.23,-3.47,6.572,6.263,6.075,201037.23,121963.65,79184.0
2019-06-25,6.55,6.63,6.63,6.3,203054.72,0.01,0.15,6.504,6.213,6.055,198132.57,116272.47,76573.36
2019-06-24,6.79,6.92,6.62,6.56,206550.81,-0.21,-3.08,6.36,6.142,6.025,161500.62,100729.78,68959.51
2019-06-21,6.38,6.96,6.83,6.28,307686.09,0.5,7.9,6.212,6.053,5.989,124439.06,82183.86,59737.76
2019-06-20,6.1,6.38,6.38,6.07,192916.23,0.32,5.28,6.028,5.94,5.942,70264.22,54614.52,45823.07
2019-06-19,6.01,6.13,6.06,5.96,80454.98,0.15,2.54,5.954,5.884,5.922,42890.07,38301.67,37639.56
2019-06-18,5.88,5.94,5.91,5.86,19895.0,0.03,0.51,5.922,5.861,5.921,34412.38,35257.83,35785.34
2019-06-17,5.91,5.93,5.88,5.85,21243.0,-0.03,-0.51,5.924,5.873,5.922,39958.94,38878.99,37010.75
2019-06-14,6.02,6.08,5.91,5.89,36811.9,-0.1,-1.66,5.894,5.882,5.926,39928.66,40250.83,38872.4
2019-06-13,5.97,6.06,6.01,5.93,56045.48,0.11,1.86,5.852,5.886,5.938,38964.81,39474.18,39516.98
2019-06-12,5.92,5.96,5.9,5.87,38066.5,-0.02,-0.34,5.814,5.886,5.943,33713.26,36404.34,39137.08
2019-06-11,5.75,5.93,5.92,5.72,47627.8,0.19,3.32,5.8,5.896,5.947,36103.28,36874.25,39186.91
2019-06-10,5.72,5.76,5.73,5.7,21091.6,0.03,0.53,5.822,5.908,5.954,37799.04,37189.24,38654.03
2019-06-06,5.8,5.83,5.7,5.67,31992.68,-0.12,-2.06,5.87,5.924,5.973,40573.01,37291.67,41550.43
2019-06-05,5.88,5.89,5.82,5.82,29787.72,-0.01,-0.17,5.92,5.944,5.982,39983.55,37031.63,42069.93
2019-06-04,6.0,6.03,5.83,5.82,50016.62,-0.2,-3.32,5.958,5.96,5.987,39095.42,36977.45,42888.96
2019-06-03,6.0,6.12,6.03,5.93,56106.58,0.06,1.0,5.992,5.981,5.992,37645.21,36312.85,43822.37
2019-05-31,5.95,6.07,5.97,5.93,34961.43,0.02,0.34,5.994,5.971,5.983,36579.43,35142.51,47715.08
2019-05-30,6.0,6.0,5.95,5.91,29045.41,-0.06,-1.0,5.978,5.969,6.008,34010.33,37493.97,48227.34
2019-05-29,6.02,6.04,6.01,5.95,25347.05,0.01,0.17,5.968,5.99,6.03,34079.71,39559.78,50745.12
2019-05-28,6.03,6.08,6.0,5.98,42765.57,-0.04,-0.66,5.962,5.999,6.059,34859.49,41869.82,53715.61
2019-05-27,5.91,6.04,6.04,5.89,50777.7,0.15,2.55,5.97,5.998,6.094,34980.5,41499.57,59265.68
2019-05-24,5.9,5.96,5.89,5.86,22115.9,-0.01,-0.17,5.948,6.0,6.154,33705.59,40118.83,63037.37
2019-05-23,5.97,5.97,5.9,5.87,29392.33,-0.08,-1.34,5.96,6.021,6.21,40977.6,45809.2,66007.5
2019-05-22,6.06,6.06,5.98,5.94,29245.93,-0.06,-0.99,6.012,6.02,6.269,45039.85,47108.22,70886.18
2019-05-21,5.94,6.07,6.04,5.93,43370.62,0.11,1.85,6.036,6.014,6.326,48880.15,48800.46,75948.63
2019-05-20,5.97,5.98,5.93,5.81,44403.17,-0.02,-0.34,6.026,6.003,6.382,48018.64,51331.9,82467.29
2019-05-17,6.2,6.2,5.95,5.93,58475.97,-0.21,-3.41,6.052,5.994,6.451,46532.07,60287.64,88860.28
2019-05-16,6.09,6.21,6.16,6.06,49703.54,0.06,0.98,6.082,6.047,6.514,50640.79,58960.71,99137.95
2019-05-15,6.02,6.12,6.1,6.02,48447.46,0.11,1.84,6.028,6.07,6.57,49176.6,61930.47,122348.0
2019-05-14,5.98,6.07,5.99,5.97,39063.05,-0.07,-1.16,5.992,6.118,6.669,48720.77,65561.39,155941.14
2019-05-13,6.05,6.08,6.06,6.0,36970.33,-0.04,-0.66,5.98,6.189,6.744,54645.15,77031.78,167722.46
2019-05-10,5.95,6.11,6.1,5.85,79019.55,0.21,3.56,5.936,6.307,6.818,74043.21,85955.91,184682.61
2019-05-09,5.89,5.97,5.89,5.85,42382.61,-0.03,-0.51,6.012,6.398,6.874,67280.63,86205.8,197471.14
2019-05-08,5.84,5.98,5.92,5.74,46168.3,-0.01,-0.17,6.112,6.518,6.915,74684.33,94664.14,203510.56
2019-05-07,5.87,5.99,5.93,5.79,68684.97,0.09,1.54,6.244,6.637,6.96,82402.01,103096.8,208176.04
2019-05-06,6.4,6.4,5.84,5.83,133960.62,-0.64,-9.88,6.398,6.76,7.0,99418.42,113602.69,210616.83
2019-04-30,6.39,6.52,6.48,6.38,45206.65,0.09,1.41,6.678,6.908,7.039,97868.62,117432.91,211085.27
2019-04-29,6.61,6.64,6.39,6.3,79401.13,-0.19,-2.89,6.784,6.981,7.047,105130.98,139315.19,215066.79
2019-04-26,6.7,6.78,6.58,6.55,84756.7,-0.12,-1.79,6.924,7.069,7.047,114643.94,182765.53,215441.74
2019-04-25,7.23,7.23,6.7,6.7,153766.98,-0.54,-7.46,7.03,7.219,7.033,123791.59,246320.9,214363.4
2019-04-24,7.04,7.26,7.24,7.03,126211.62,0.23,3.28,7.122,7.299,7.013,127786.96,258413.13,211362.28
2019-04-23,7.08,7.14,7.01,6.99,81518.45,-0.08,-1.13,7.138,7.328,6.97,136997.21,283409.3,210421.07
2019-04-22,7.17,7.26,7.09,7.09,126965.94,-0.02,-0.28,7.178,7.349,6.951,173499.4,308736.48,214145.59
2019-04-19,7.15,7.16,7.11,6.97,130494.97,-0.05,-0.7,7.214,7.312,6.923,250887.12,312356.98,213172.18
2019-04-18,7.36,7.36,7.16,7.07,173743.81,-0.16,-2.19,7.408,7.283,6.897,368850.2,313255.27,216312.0
2019-04-17,7.18,7.32,7.32,7.11,172262.86,0.11,1.53,7.476,7.24,6.872,389039.3,307630.98,216050.43
2019-04-16,7.1,7.24,7.21,6.91,264029.41,-0.06,-0.82,7.518,7.17,6.827,429821.39,304737.62,212733.11
2019-04-15,7.8,7.8,7.27,7.27,513904.53,-0.81,-10.03,7.52,7.112,6.785,443973.56,290818.4,204147.86
2019-04-12,7.64,8.25,8.08,7.49,720310.38,0.58,7.73,7.41,7.025,6.733,373826.85,248117.95,182665.0
2019-04-11,7.43,7.54,7.5,7.24,274689.34,-0.03,-0.4,7.158,6.847,6.636,257660.34,182405.91,151767.67
2019-04-10,7.08,7.57,7.53,6.97,376173.28,0.31,4.29,7.004,6.727,6.578,226222.66,164311.42,144188.51
2019-04-09,6.83,7.34,7.22,6.64,334790.28,0.5,7.44,6.822,6.612,6.524,179653.86,137432.84,132661.69
2019-04-08,6.84,6.99,6.72,6.63,163170.95,-0.1,-1.47,6.704,6.552,6.48,137663.24,119554.71,121646.95
2019-04-04,6.77,6.95,6.82,6.7,139477.86,0.09,1.34,6.64,6.534,6.448,122409.06,113987.37,120807.67
2019-04-03,6.59,6.74,6.73,6.57,117500.91,0.11,1.66,6.536,6.511,6.429,107151.48,119368.74,120423.15
2019-04-02,6.67,6.71,6.62,6.53,143329.28,-0.01,-0.15,6.45,6.503,6.412,102400.19,124469.89,121847.51
2019-04-01,6.4,6.65,6.63,6.4,124837.21,0.23,3.59,6.402,6.483,6.396,95211.82,120728.59,121565.27
2019-03-29,6.3,6.42,6.4,6.18,86900.05,0.1,1.59,6.4,6.458,6.379,101446.17,117477.32,124622.51
2019-03-28,6.21,6.45,6.3,6.2,63189.96,0.0,0.0,6.428,6.44,6.363,105565.69,117212.05,124794.6
2019-03-27,6.42,6.47,6.3,6.19,93744.45,-0.08,-1.25,6.486,6.425,6.351,131585.99,121129.43,125971.18
2019-03-26,6.65,6.68,6.38,6.35,107387.42,-0.24,-3.62,6.556,6.429,6.336,146539.58,124065.6,126402.6
2019-03-25,6.42,6.74,6.62,6.38,156008.97,0.08,1.22,6.564,6.435,6.315,146245.36,127890.54,128971.57
2019-03-22,6.56,6.61,6.54,6.42,107497.63,-0.05,-0.76,6.516,6.407,6.28,133508.47,123739.2,128373.52
2019-03-21,6.66,6.69,6.59,6.5,193291.5,-0.06,-0.9,6.452,6.361,6.235,128858.41,127627.97,126740.86
2019-03-20,6.37,6.77,6.65,6.33,168512.38,0.23,3.58,6.364,6.347,6.182,110672.86,121477.56,121779.59
2019-03-19,6.46,6.54,6.42,6.34,105916.33,0.04,0.63,6.302,6.32,6.127,101591.62,119225.14,118168.04
2019-03-18,6.28,6.39,6.38,6.21,92324.5,0.16,2.57,6.306,6.309,6.082,109535.72,122401.95,116959.83
2019-03-15,6.19,6.32,6.22,6.17,84247.36,0.07,1.14,6.298,6.299,6.038,113969.93,131767.69,116583.18
2019-03-14,6.3,6.35,6.15,6.09,102363.73,-0.19,-3.0,6.27,6.285,5.993,126397.52,132377.15,114837.32
2019-03-13,6.46,6.53,6.34,6.3,123106.18,-0.1,-1.55,6.33,6.276,5.951,132282.25,130812.92,111827.8
2019-03-12,6.39,6.53,6.44,6.3,145636.84,0.1,1.58,6.338,6.243,5.9,136858.65,128739.59,107810.07
2019-03-11,6.09,6.35,6.34,6.08,114495.56,0.26,4.28,6.312,6.194,5.838,135268.18,130052.59,102453.68
2019-03-08,6.35,6.37,6.08,6.04,146385.31,-0.37,-5.74,6.3,6.153,5.778,149565.45,133007.83,98475.92
2019-03-07,6.4,6.49,6.45,6.3,131787.38,0.07,1.1,6.3,6.109,5.724,138356.77,125853.75,92768.57
2019-03-06,6.4,6.4,6.38,6.22,145988.16,0.07,1.11,6.222,6.016,5.646,129343.59,122081.62,88016.3
2019-03-05,6.26,6.31,6.31,6.14,137684.48,0.03,0.48,6.148,5.934,5.575,120620.53,117110.94,81666.59
2019-03-04,6.1,6.4,6.28,6.08,185981.94,0.2,3.29,6.076,5.854,5.508,124837.01,111517.71,77313.05
2019-03-01,6.11,6.15,6.08,5.95,90341.87,0.02,0.33,6.006,5.777,5.451,116450.21,101398.67,69579.09
2019-02-28,6.01,6.15,6.06,6.01,86721.51,0.05,0.83,5.918,5.7,5.404,113350.73,97297.49,66742.62
2019-02-27,5.97,6.09,6.01,5.9,102372.85,0.06,1.01,5.81,5.626,5.362,114819.65,92842.68,64072.9
2019-02-26,5.91,6.09,5.95,5.85,158766.88,0.02,0.34,5.72,5.556,5.321,113601.34,86880.56,60017.86
2019-02-25,5.69,5.94,5.93,5.64,144047.94,0.29,5.14,5.632,5.482,5.283,98198.42,74854.77,53959.31
2019-02-22,5.51,5.65,5.64,5.49,74844.45,0.12,2.17,5.548,5.402,5.25,86347.12,63944.01,48737.18
2019-02-21,5.57,5.66,5.52,5.51,94066.14,-0.04,-0.72,5.482,5.338,5.23,81244.26,59683.39,46496.65
2019-02-20,5.53,5.61,5.56,5.43,96281.3,0.05,0.91,5.442,5.276,5.214,70865.71,53950.98,43526.48
2019-02-19,5.51,5.55,5.51,5.45,81752.26,0.0,0.0,5.392,5.215,5.198,60159.77,46222.24,40539.15
2019-02-18,5.38,5.55,5.51,5.33,84791.47,0.2,3.77,5.332,5.162,5.186,51511.11,43108.39,38531.73
2019-02-15,5.33,5.4,5.31,5.3,49330.12,-0.01,-0.19,5.256,5.124,5.17,41540.89,37759.52,35999.83
2019-02-14,5.28,5.35,5.32,5.27,42173.4,0.01,0.19,5.194,5.108,5.165,38122.53,36187.74,35182.1
2019-02-13,5.2,5.32,5.31,5.19,42751.6,0.1,1.92,5.11,5.098,5.157,37036.26,35303.12,34795.29
2019-02-12,5.13,5.23,5.21,5.11,38508.97,0.08,1.56,5.038,5.086,5.148,32284.72,33155.17,34797.86
2019-02-11,5.01,5.15,5.13,5.01,34940.35,0.13,2.6,4.992,5.084,5.143,34705.67,33063.85,34477.86
2019-02-01,4.91,5.02,5.0,4.91,32238.31,0.1,2.04,4.992,5.098,5.143,33978.16,33530.35,35092.0
2019-01-31,4.97,5.0,4.9,4.83,36742.06,-0.05,-1.01,5.022,5.121,5.145,34252.96,33309.91,35933.61
2019-01-30,4.95,5.02,4.95,4.95,18993.9,-0.03,-0.6,5.086,5.151,5.144,33569.99,33101.98,35668.75
2019-01-29,5.13,5.13,4.98,4.91,50613.75,-0.15,-2.92,5.134,5.181,5.14,34025.62,34856.06,36535.06
2019-01-28,5.19,5.24,5.13,5.12,31302.76,-0.02,-0.39,5.176,5.21,5.137,31422.03,33955.08,36616.08
2019-01-25,5.21,5.23,5.15,5.13,33612.33,-0.07,-1.34,5.204,5.215,5.123,33082.55,34240.14,37145.75
2019-01-24,5.22,5.23,5.22,5.14,33327.19,0.03,0.58,5.22,5.222,5.112,32366.87,34176.46,36595.78
2019-01-23,5.21,5.23,5.19,5.14,21272.07,0.0,0.0,5.216,5.215,5.096,32633.96,34287.45,36647.63
2019-01-22,5.26,5.29,5.19,5.16,37595.78,-0.08,-1.52,5.228,5.209,5.086,35686.49,36440.54,36673.68
2019-01-21,5.27,5.34,5.27,5.25,39605.39,0.04,0.77,5.244,5.202,5.073,36488.13,35891.86,37018.29
2019-01-18,5.23,5.27,5.23,5.21,30033.9,0.03,0.58,5.226,5.188,5.061,35397.72,36653.65,36470.22
2019-01-17,5.27,5.29,5.2,5.18,34662.68,-0.05,-0.95,5.224,5.168,5.049,35986.05,38557.3,37241.48
2019-01-16,5.27,5.34,5.25,5.22,36534.71,-0.02,-0.38,5.214,5.136,5.042,35940.93,38235.53,38751.69
2019-01-15,5.18,5.28,5.27,5.15,41603.95,0.09,1.74,5.19,5.098,5.039,37194.59,38214.06,40402.36
2019-01-14,5.21,5.23,5.18,5.15,34153.38,-0.04,-0.77,5.16,5.064,5.044,35295.6,39277.07,41033.83
2019-01-11,5.15,5.22,5.22,5.12,32975.52,0.07,1.36,5.15,5.031,5.056,37909.57,40051.36,41038.97
2019-01-10,5.13,5.21,5.15,5.11,34437.1,0.02,0.39,5.112,5.001,5.065,41128.55,39015.1,41303.65
2019-01-09,5.12,5.2,5.13,5.12,42803.0,0.01,0.2,5.058,4.977,5.082,40530.12,39007.81,42466.24
2019-01-08,5.12,5.16,5.12,5.09,32109.0,-0.01,-0.2,5.006,4.962,5.09,39233.52,36906.81,42536.21
2019-01-07,5.05,5.15,5.13,5.04,47223.25,0.1,1.99,4.968,4.944,5.108,43258.55,38144.71,42537.76
2019-01-04,4.81,5.03,5.03,4.8,49070.38,0.15,3.07,4.912,4.933,5.124,42193.14,36286.79,41824.78
2019-01-03,4.87,4.95,4.88,4.81,31444.98,0.01,0.2,4.89,4.929,5.152,36901.66,35925.67,41613.51
2019-01-02,4.93,4.95,4.87,4.86,36320.01,-0.06,-1.22,4.896,4.948,5.192,37485.5,39267.86,42263.15
2018-12-28,4.98,5.07,4.93,4.9,52234.12,0.08,1.65,4.918,4.979,5.232,34580.1,42590.66,43442.74
2018-12-27,4.97,5.02,4.85,4.84,41896.2,-0.07,-1.42,4.92,5.023,5.259,33030.88,42790.59,42719.54
2018-12-26,4.87,4.96,4.92,4.87,22612.99,0.01,0.2,4.954,5.08,5.294,30380.44,42026.59,44251.28
2018-12-25,4.95,4.95,4.91,4.8,34364.2,-0.07,-1.41,4.968,5.128,5.326,34949.68,43592.19,45046.77
2018-12-24,4.94,4.99,4.98,4.91,21793.01,0.04,0.81,5.0,5.187,5.354,41050.22,45924.67,44834.74
2018-12-21,5.0,5.01,4.94,4.9,44488.0,-0.08,-1.59,5.04,5.218,5.375,50601.22,48165.6,45865.22
2018-12-20,4.96,5.04,5.02,4.96,28643.99,0.03,0.6,5.126,5.272,5.402,52550.31,46930.81,46986.06
2018-12-19,5.08,5.09,4.99,4.95,45459.21,-0.08,-1.58,5.206,5.315,5.433,53672.74,47362.77,47233.12
2018-12-18,5.16,5.19,5.07,5.01,64866.87,-0.11,-2.12,5.288,5.375,5.465,52234.7,47301.34,47901.13
2018-12-17,5.3,5.36,5.18,5.14,69548.03,-0.19,-3.54,5.374,5.436,5.486,50799.13,45258.43,48329.02
2018-12-14,5.48,5.52,5.37,5.31,54233.43,-0.05,-0.92,5.396,5.485,5.516,45729.98,44294.81,48343.56
2018-12-13,5.44,5.5,5.42,5.4,34256.18,0.02,0.37,5.418,5.495,5.529,41311.32,42648.49,48150.08
2018-12-12,5.46,5.53,5.4,5.39,38269.0,-0.1,-1.82,5.424,5.508,5.537,41052.79,46475.98,48542.77
2018-12-11,5.33,5.5,5.5,5.3,57689.01,0.21,3.97,5.462,5.524,5.542,42367.98,46501.36,49634.16
2018-12-10,5.49,5.49,5.29,5.28,44202.29,-0.19,-3.47,5.498,5.52,5.543,39717.73,43744.82,50404.28
2018-12-07,5.48,5.5,5.48,5.41,32140.1,0.03,0.55,5.574,5.532,5.547,42859.64,43564.83,51204.22
2018-12-06,5.59,5.6,5.45,5.44,32963.55,-0.14,-2.5,5.572,5.531,5.531,43985.66,47041.3,50934.96
2018-12-05,5.59,5.63,5.59,5.54,44844.93,-0.09,-1.58,5.592,5.55,5.519,51899.17,47103.48,50864.38
2018-12-04,5.62,5.7,5.68,5.6,44437.8,0.01,0.18,5.586,5.555,5.5,50634.74,48500.92,50398.93
2018-12-03,5.61,5.72,5.67,5.57,59911.84,0.2,3.66,5.542,5.536,5.478,47771.9,51399.61,50041.62
2018-11-30,5.47,5.52,5.47,5.35,37770.18,-0.08,-1.44,5.49,5.547,5.456,44270.02,52392.31,48907.49
2018-11-29,5.57,5.75,5.55,5.51,72531.08,-0.01,-0.18,5.49,5.563,5.442,50096.94,53651.68,49669.07
2018-11-28,5.45,5.58,5.56,5.35,38522.79,0.1,1.83,5.508,5.565,5.416,42307.79,50609.55,48362.25
2018-11-27,5.43,5.49,5.46,5.42,30123.59,0.05,0.92,5.524,5.56,5.39,46367.1,52766.97,48551.3
2018-11-26,5.53,5.55,5.41,5.37,42402.44,-0.06,-1.1,5.53,5.565,5.364,55027.33,57063.75,48892.98
2018-11-23,5.61,5.67,5.47,5.44,66904.8,-0.17,-3.01,5.604,5.561,5.336,60514.6,58843.62,47912.8
2018-11-22,5.62,5.69,5.64,5.58,33585.35,0.0,0.0,5.636,5.53,5.307,57206.41,54828.63,46583.48
2018-11-21,5.43,5.64,5.64,5.4,58819.33,0.15,2.73,5.622,5.488,5.268,58911.31,54625.29,46683.18
2018-11-20,5.75,5.75,5.49,5.48,73424.73,-0.29,-5.02,5.596,5.444,5.228,59166.83,52296.94,45218.05
2018-11-19,5.63,5.79,5.78,5.63,69838.81,0.15,2.66,5.6,5.42,5.194,59100.17,48683.63,43651.69
2018-11-16,5.57,5.68,5.63,5.54,50363.85,0.06,1.08,5.518,5.365,5.148,57172.63,45422.67,42666.08
2018-11-15,5.5,5.58,5.57,5.5,42109.84,0.06,1.09,5.424,5.32,5.098,52450.84,45686.46,41443.06
2018-11-14,5.51,5.56,5.51,5.44,60096.92,0.0,0.0,5.354,5.267,5.047,50339.26,46114.95,40720.7
2018-11-13,5.33,5.56,5.51,5.29,73091.43,0.14,2.61,5.292,5.22,5.004,45427.06,44335.63,39135.8
2018-11-12,5.23,5.38,5.37,5.18,60201.11,0.21,4.07,5.24,5.162,4.959,38267.1,40722.22,37109.53
2018-11-09,5.2,5.21,5.16,5.15,26754.9,-0.06,-1.15,5.212,5.111,4.924,33672.7,36981.98,36159.37
2018-11-08,5.24,5.26,5.22,5.21,31551.96,0.02,0.39,5.216,5.083,4.906,38922.08,38338.34,36842.26
2018-11-07,5.25,5.26,5.2,5.17,35535.88,-0.05,-0.95,5.18,5.047,4.889,41890.63,38741.08,38236.54
2018-11-06,5.24,5.26,5.25,5.18,37291.64,0.02,0.38,5.148,5.011,4.9,43244.2,38139.17,37615.44
2018-11-05,5.21,5.27,5.23,5.17,37229.13,0.05,0.96,5.084,4.967,4.907,43177.34,38619.75,36719.16
2018-11-02,5.1,5.22,5.18,5.09,53001.78,0.14,2.78,5.01,4.93,4.916,40291.26,39909.5,37103.06
2018-11-01,5.03,5.14,5.04,5.02,46394.71,0.0,0.0,4.95,4.875,4.938,37754.6,37199.66,35614.29
2018-10-31,4.95,5.05,5.04,4.93,42303.74,0.11,2.23,4.914,4.827,4.964,35591.53,35326.46,34734.96
2018-10-30,4.86,4.97,4.93,4.84,36957.33,0.07,1.44,4.874,4.788,4.995,33034.13,33935.97,34025.61
2018-10-29,4.9,4.96,4.86,4.83,22798.75,-0.02,-0.41,4.85,4.755,5.03,34062.17,33496.83,33137.09
2018-10-26,4.86,4.98,4.88,4.86,40318.45,0.02,0.41,4.85,4.736,5.07,39527.73,35336.75,33943.45
2018-10-25,4.73,4.86,4.86,4.68,35579.38,0.02,0.41,4.8,4.728,5.108,36644.73,35346.18,33707.72
2018-10-24,4.78,4.93,4.84,4.76,29516.75,0.03,0.62,4.74,4.731,5.147,35061.39,37732.0,34022.37
2018-10-23,4.85,4.94,4.81,4.77,42097.51,-0.05,-1.03,4.702,4.789,5.186,34837.8,37091.71,33809.54
2018-10-22,4.68,4.91,4.86,4.66,50126.58,0.23,4.97,4.66,4.847,5.222,32931.5,34818.56,32508.68
2018-10-19,4.47,4.65,4.63,4.45,25903.44,0.07,1.53,4.622,4.902,5.258,31145.77,34296.62,31241.11
2018-10-18,4.64,4.65,4.56,4.54,27662.69,-0.09,-1.94,4.656,5.0,5.307,34047.63,34028.91,31129.84
2018-10-17,4.69,4.7,4.65,4.55,28398.8,0.05,1.09,4.722,5.1,5.357,40402.61,34143.46,30710.66
2018-10-16,4.68,4.72,4.6,4.57,32565.98,-0.07,-1.5,4.876,5.201,5.4,39345.62,34115.25,30588.2
2018-10-15,4.82,4.89,4.67,4.65,41197.95,-0.13,-2.71,5.034,5.304,5.447,36705.62,32777.35,30448.97
2018-10-12,4.9,4.95,4.8,4.63,40412.71,-0.09,-1.84,5.182,5.404,5.495,37447.46,32550.15,30160.33
2018-10-11,5.33,5.33,4.89,4.88,59437.61,-0.53,-9.78,5.344,5.487,5.538,34010.2,32069.26,29244.56
2018-10-10,5.44,5.49,5.42,5.39,23113.84,0.03,0.56,5.478,5.562,5.581,27884.32,30312.74,27411.77
2018-10-09,5.43,5.45,5.39,5.39,19366.0,-0.02,-0.37,5.526,5.582,5.599,28884.89,30527.37,27861.02
2018-10-08,5.55,5.55,5.41,5.4,44907.14,-0.2,-3.56,5.574,5.596,5.614,28849.07,30198.79,27877.3
2018-09-28,5.59,5.62,5.61,5.54,23226.4,0.05,0.9,5.626,5.613,5.628,27652.84,28185.6,26845.7
2018-09-27,5.65,5.65,5.56,5.55,28808.21,-0.1,-1.77,5.63,5.614,5.637,30128.33,28230.77,26742.82
2018-09-26,5.63,5.68,5.66,5.62,28116.69,0.03,0.53,5.646,5.613,5.65,32741.15,27277.86,26456.55
2018-09-25,5.64,5.65,5.63,5.61,19186.92,-0.04,-0.7,5.638,5.599,5.661,32169.86,27061.16,25881.1
2018-09-21,5.62,5.68,5.67,5.61,38925.97,0.04,0.71,5.618,5.59,5.673,31548.52,28120.59,26348.94
2018-09-20,5.62,5.64,5.63,5.59,35603.86,-0.01,-0.18,5.6,5.586,5.68,28718.35,27770.5,25184.08
2018-09-19,5.63,5.67,5.64,5.56,41872.33,0.02,0.36,5.598,5.589,5.689,26333.21,26419.86,24201.99
2018-09-18,5.52,5.62,5.62,5.51,25260.22,0.09,1.63,5.58,5.599,5.697,21814.57,24510.81,22799.61
2018-09-17,5.56,5.58,5.53,5.52,16080.2,-0.05,-0.9,5.56,5.615,5.706,21952.45,25194.67,22768.75
2018-09-14,5.62,5.64,5.58,5.56,24775.16,-0.04,-0.71,5.562,5.631,5.716,24692.66,25555.82,23161.29
2018-09-13,5.58,5.63,5.62,5.55,23678.16,0.07,1.26,5.572,5.643,5.722,26822.65,25505.8,23146.63
2018-09-12,5.53,5.58,5.55,5.52,19279.1,0.03,0.54,5.58,5.659,5.731,26506.5,25254.87,23176.3
2018-09-11,5.55,5.61,5.52,5.5,25949.64,-0.02,-0.36,5.618,5.687,5.744,27207.05,25635.24,23443.55
2018-09-10,5.64,5.64,5.54,5.53,29781.26,-0.09,-1.6,5.67,5.722,5.766,28436.88,24701.05,23028.59
2018-09-07,5.63,5.72,5.63,5.58,35425.1,-0.03,-0.53,5.7,5.756,5.787,26418.97,24577.29,22945.48
2018-09-06,5.7,5.76,5.66,5.65,22097.41,-0.08,-1.39,5.714,5.773,5.801,24188.95,22597.66,22146.53
2018-09-05,5.75,5.81,5.74,5.7,22781.82,-0.04,-0.69,5.738,5.789,5.812,24003.23,21984.12,22775.52
2018-09-04,5.68,5.79,5.78,5.66,32098.82,0.09,1.58,5.756,5.795,5.813,24063.43,21088.42,23459.81
2018-09-03,5.68,5.72,5.69,5.6,19691.68,-0.01,-0.17,5.774,5.797,5.811,20965.22,20342.84,23637.75
2018-08-31,5.81,5.81,5.7,5.7,24275.0,-0.08,-1.38,5.812,5.801,5.808,22735.62,20766.76,24503.85
2018-08-30,5.84,5.87,5.78,5.76,21168.82,-0.05,-0.86,5.832,5.8,5.808,21006.38,20787.47,24877.07
2018-08-29,5.85,5.89,5.83,5.81,23082.82,-0.04,-0.68,5.84,5.803,5.807,19965.02,21097.74,26058.27
2018-08-28,5.89,5.92,5.87,5.85,16607.8,-0.01,-0.17,5.834,5.801,5.812,18113.4,21251.86,27325.33
2018-08-27,5.84,5.89,5.88,5.75,28543.67,0.08,1.38,5.82,5.809,5.825,19720.46,21356.12,27925.93
2018-08-24,5.79,5.83,5.8,5.74,15628.8,-0.02,-0.34,5.79,5.818,5.836,18797.9,21313.66,28456.56
2018-08-23,5.8,5.86,5.82,5.76,15962.0,0.02,0.34,5.768,5.828,5.854,20568.55,21695.4,30257.05
2018-08-22,5.79,5.86,5.8,5.78,13824.75,0.0,0.0,5.766,5.835,5.872,22230.46,23566.92,31650.73
2018-08-21,5.74,5.84,5.8,5.69,24643.07,0.07,1.22,5.768,5.831,5.888,24390.31,25831.2,32880.99
2018-08-20,5.7,5.79,5.73,5.62,23930.9,0.03,0.53,5.798,5.825,5.907,22991.78,26932.66,34667.53
2018-08-17,5.82,5.88,5.69,5.59,24482.05,-0.12,-2.06,5.846,5.814,5.923,23829.41,28240.93,35422.39
2018-08-16,5.77,5.86,5.81,5.71,24271.55,-0.01,-0.17,5.888,5.816,5.937,22822.24,28966.68,35737.62
2018-08-15,5.98,5.98,5.81,5.79,24624.0,-0.13,-2.19,5.904,5.811,5.94,24903.38,31018.8,35870.87
2018-08-14,5.91,5.96,5.95,5.9,17650.38,-0.01,-0.17,5.894,5.822,5.947,27272.08,33398.8,37319.43
2018-08-13,5.81,5.97,5.97,5.76,28119.07,0.07,1.19,5.852,5.84,5.944,30873.55,34495.75,37638.17
2018-08-10,5.89,5.93,5.9,5.84,19446.2,0.02,0.34,5.782,5.853,5.939,32652.45,35599.46,37773.65
2018-08-09,5.76,5.9,5.89,5.7,34677.25,0.12,2.08,5.744,5.88,5.936,35111.11,38818.71,37902.73
2018-08-08,5.72,5.88,5.76,5.71,36467.52,0.02,0.35,5.718,5.909,5.932,37134.22,39734.54,37710.79
2018-08-07,5.6,5.75,5.74,5.6,35657.71,0.12,2.13,5.75,5.945,5.93,39525.52,39930.79,37867.3
2018-08-06,5.7,5.72,5.62,5.56,37013.59,-0.08,-1.4,5.828,5.988,5.937,38117.94,42402.39,37597.14
2018-08-03,5.79,5.82,5.71,5.68,31739.5,-0.06,-1.04,5.924,6.031,5.952,38546.47,42603.84,38615.14
2018-08-02,5.92,5.95,5.76,5.65,44792.79,-0.16,-2.7,6.016,6.058,5.961,42526.3,42508.56,38741.46
2018-08-01,6.12,6.16,5.92,5.89,48424.03,-0.2,-3.27,6.1,6.068,5.958,42334.86,40722.93,37867.1
2018-07-31,6.2,6.2,6.13,6.09,28619.8,0.04,0.66,6.14,6.071,5.959,40336.05,41240.07,37144.93
2018-07-30,6.15,6.16,6.1,6.06,39156.25,-0.06,-0.97,6.148,6.048,5.948,46686.83,40780.58,37347.1
2018-07-27,6.21,6.25,6.17,6.13,51638.63,-0.01,-0.16,6.138,6.025,5.931,46661.21,39947.84,36844.52
2018-07-26,6.13,6.2,6.18,6.07,43835.6,0.07,1.15,6.1,5.992,5.917,42490.82,36986.75,36195.75
2018-07-25,6.17,6.2,6.12,6.08,38429.98,-0.05,-0.81,6.036,5.955,5.891,39111.0,35687.04,35360.03
2018-07-24,6.05,6.19,6.17,6.02,60373.7,0.12,1.98,6.002,5.914,5.868,42144.08,35803.82,34778.37
2018-07-23,5.98,6.05,6.05,5.95,39028.13,0.08,1.34,5.948,5.886,5.844,34874.34,32791.89,32958.14
2018-07-20,5.85,5.99,5.98,5.83,30786.69,0.12,2.05,5.912,5.873,5.825,33234.48,34626.45,32208.59
2018-07-19,5.9,5.95,5.86,5.83,26936.49,-0.07,-1.18,5.884,5.864,5.81,31482.67,34974.36,31874.18
2018-07-18,5.91,6.18,5.95,5.9,53595.38,0.05,0.85,5.874,5.848,5.8,32263.08,35011.26,32239.93
2018-07-17,5.84,5.91,5.9,5.83,24024.99,0.04,0.68,5.826,5.846,5.791,29463.56,33049.8,31438.71
2018-07-16,5.85,5.95,5.87,5.84,30828.83,0.03,0.51,5.824,5.848,5.784,30709.44,33913.62,33522.85
2018-07-13,5.8,5.87,5.84,5.79,22027.68,0.03,0.52,5.834,5.837,5.809,36018.42,33741.19,33432.87
2018-07-12,5.69,5.85,5.81,5.67,30838.51,0.11,1.93,5.844,5.841,5.84,38466.04,35404.75,33332.36
2018-07-11,5.84,5.84,5.71,5.64,39597.8,-0.17,-2.89,5.822,5.826,5.872,37759.45,35033.02,32796.29
2018-07-10,5.89,5.92,5.89,5.83,30254.4,-0.03,-0.51,5.866,5.821,5.916,36636.04,33752.92,32142.18
2018-07-09,5.88,5.93,5.92,5.8,57373.69,0.04,0.68,5.872,5.802,5.945,37117.8,33124.39,31726.28
2018-07-06,5.72,5.89,5.89,5.62,34265.8,0.18,3.15,5.84,5.776,5.973,31463.96,29790.72,30533.32
2018-07-05,5.86,5.94,5.7,5.69,27305.55,-0.23,-3.88,5.838,5.755,6.01,32343.46,28774.0,29877.73
2018-07-04,5.92,6.09,5.93,5.85,33980.74,0.01,0.17,5.83,5.751,6.06,32306.59,29468.6,29494.98
2018-07-03,5.76,5.92,5.92,5.75,32663.2,0.16,2.78,5.776,5.735,6.099,30869.8,29827.63,28760.87
2018-07-02,5.93,5.93,5.76,5.72,29104.52,-0.11,-1.87,5.732,5.719,6.134,29130.99,33132.07,28386.72
2018-06-29,5.67,5.88,5.88,5.63,38663.3,0.22,3.89,5.712,5.78,6.176,28117.49,33124.56,28526.29
2018-06-28,5.67,5.77,5.66,5.62,27121.17,-0.01,-0.18,5.672,5.838,6.217,25204.54,31259.97,28066.2
2018-06-27,5.71,5.75,5.66,5.65,26796.82,-0.04,-0.7,5.672,5.917,6.265,26630.61,30559.56,29022.55
2018-06-26,5.6,5.72,5.7,5.53,23969.14,0.04,0.71,5.694,6.01,6.327,28785.45,30531.44,28836.31
2018-06-25,5.67,5.78,5.66,5.64,24037.0,-0.01,-0.18,5.706,6.087,6.39,37133.15,30328.17,29309.96
2018-06-22,5.59,5.71,5.68,5.53,24098.56,0.07,1.25,5.848,6.169,6.461,38131.63,31275.91,29416.67
2018-06-21,5.75,5.82,5.66,5.62,34251.55,-0.12,-2.08,6.004,6.264,6.536,37315.41,30981.45,29616.76
2018-06-20,5.71,5.88,5.77,5.68,37571.0,0.02,0.35,6.162,6.369,6.613,34488.51,29521.36,30710.12
2018-06-19,6.3,6.3,5.76,5.72,65707.65,-0.6,-9.43,6.326,6.462,6.693,32277.42,27694.11,31399.15
2018-06-15,6.49,6.49,6.37,6.34,29029.37,-0.09,-1.39,6.468,6.548,6.774,23523.19,23641.37,33970.4
2018-06-14,6.45,6.51,6.46,6.41,20017.48,0.01,0.15,6.49,6.571,6.823,24420.2,23928.03,35153.07
2018-06-13,6.55,6.58,6.45,6.43,20117.04,-0.14,-2.12,6.524,6.595,6.866,24647.5,24872.43,37646.03
2018-06-12,6.49,6.6,6.59,6.47,26515.56,0.12,1.85,6.576,6.612,6.904,24554.21,27485.54,38508.11
2018-06-11,6.46,6.51,6.47,6.4,21936.51,0.01,0.15,6.598,6.644,6.933,23110.79,27141.18,38756.25
2018-06-08,6.59,6.61,6.48,6.42,33514.42,-0.14,-2.12,6.628,6.692,6.964,23759.54,28291.75,38726.37
2018-06-07,6.69,6.73,6.63,6.62,21153.96,-0.08,-1.19,6.652,6.753,6.996,23435.86,27557.42,38852.64
2018-06-06,6.71,6.74,6.71,6.66,19650.58,0.0,0.0,6.666,6.807,7.022,25097.35,28252.08,39321.03
2018-06-05,6.64,6.72,6.7,6.61,19298.49,0.08,1.21,6.648,6.856,7.045,30416.88,31898.89,40596.3
2018-06-04,6.61,6.66,6.62,6.57,25180.26,0.02,0.3,6.69,6.924,7.065,31171.57,35104.19,41366.4
2018-06-01,6.69,6.73,6.6,6.51,31896.0,-0.1,-1.49,6.756,7.0,7.088,32823.95,44299.43,42120.62
2018-05-31,6.69,6.74,6.7,6.63,29461.43,0.08,1.21,6.854,7.075,7.106,31678.98,46378.12,41829.34
2018-05-30,6.82,6.84,6.62,6.61,46248.21,-0.29,-4.2,6.948,7.137,7.119,31406.8,50419.64,42297.12
2018-05-29,6.93,7.02,6.91,6.91,23071.93,-0.03,-0.43,7.064,7.195,7.13,33380.9,49530.68,41669.93
2018-05-28,7.09,7.13,6.95,6.93,33442.19,-0.14,-1.98,7.158,7.221,7.129,39036.82,50371.33,41962.04
2018-05-25,7.16,7.23,7.09,7.07,26171.13,-0.08,-1.12,7.244,7.236,7.124,55774.92,49160.98,41945.07
2018-05-24,7.26,7.26,7.17,7.16,28100.53,-0.03,-0.42,7.296,7.239,7.12,61077.26,50147.86,41935.16
2018-05-23,7.34,7.35,7.2,7.18,56118.7,-0.19,-2.57,7.326,7.236,7.111,69432.48,50389.99,42044.25
2018-05-22,7.34,7.4,7.38,7.28,51351.56,0.0,0.0,7.326,7.233,7.092,65680.47,49293.71,41027.98
2018-05-21,7.46,7.58,7.38,7.36,117132.66,0.03,0.41,7.284,7.206,7.067,61705.83,47628.61,40119.6
2018-05-18,7.32,7.36,7.35,7.22,52682.83,0.02,0.27,7.228,7.175,7.052,42547.05,39941.8,36234.04
2018-05-17,7.19,7.38,7.32,7.17,69876.66,0.13,1.81,7.182,7.137,7.034,39218.47,37280.55,35323.51
2018-05-16,7.17,7.24,7.2,7.11,37358.65,0.02,0.28,7.146,7.101,7.014,31347.49,34174.61,33586.14
2018-05-15,7.08,7.2,7.17,7.07,31478.37,0.08,1.13,7.14,7.064,7.005,32906.96,33809.17,33818.82
2018-05-14,7.09,7.15,7.1,7.06,21338.75,-0.01,-0.14,7.128,7.036,7.005,33551.39,33552.74,33843.07
2018-05-11,7.17,7.17,7.12,7.08,36039.91,-0.02,-0.28,7.122,7.012,7.009,37336.55,34729.16,34569.51
2018-05-10,7.2,7.2,7.14,7.1,30521.79,-0.03,-0.42,7.092,7.0,7.018,35342.64,33722.46,35008.71
2018-05-09,7.07,7.21,7.17,7.06,45155.96,0.07,0.99,7.056,6.985,7.023,37001.72,33698.51,35502.52
2018-05-08,7.07,7.11,7.11,7.04,34700.52,0.04,0.57,6.988,6.951,7.027,34711.39,32762.24,35542.77
2018-05-07,7.0,7.09,7.07,6.97,40264.58,0.09,1.29,6.944,6.927,7.038,33554.1,32610.59,35967.38
2018-05-04,6.95,7.0,6.97,6.93,26070.35,0.02,0.29,6.902,6.929,7.061,32121.76,32526.28,36615.9
2018-05-03,6.8,6.96,6.96,6.78,38817.18,0.13,1.9,6.908,6.931,7.087,32102.29,33366.47,37919.6
2018-05-02,6.91,6.93,6.83,6.79,33704.33,-0.06,-0.87,6.914,6.926,7.112,30395.31,32997.68,38212.29
2018-04-27,6.88,6.94,6.89,6.83,28914.06,0.03,0.44,6.914,6.945,7.141,30813.08,33828.46,38551.52
2018-04-26,7.01,7.03,6.86,6.82,33102.89,-0.15,-2.14,6.91,6.974,7.164,31667.07,34133.4,40252.85
2018-04-25,6.92,7.03,7.0,6.92,25972.97,0.02,0.29,6.956,7.006,7.187,32930.79,34409.86,41753.44
2018-04-24,6.86,6.99,6.99,6.82,30282.29,0.16,2.34,6.954,7.035,7.196,34630.66,36294.95,44005.35
2018-04-23,6.89,6.95,6.83,6.73,35793.2,-0.04,-0.58,6.938,7.061,7.205,35600.06,37306.53,48883.28
2018-04-20,7.05,7.1,6.87,6.87,33184.0,-0.22,-3.1,6.976,7.102,7.259,36843.83,38323.3,52915.33
2018-04-19,7.0,7.14,7.09,6.97,39421.49,0.1,1.43,7.038,7.149,7.3,36599.73,39324.17,54867.38
2018-04-18,6.99,7.0,6.99,6.83,34472.31,0.08,1.16,7.056,7.192,7.328,35888.94,40705.53,54995.01
2018-04-17,7.09,7.09,6.91,6.88,35129.28,-0.12,-1.71,7.116,7.242,7.363,37959.24,42472.73,55958.06
2018-04-16,7.17,7.2,7.02,7.01,42012.08,-0.16,-2.23,7.184,7.298,7.397,39013.0,43426.91,56686.93
2018-04-13,7.25,7.28,7.18,7.16,31963.5,-0.01,-0.14,7.228,7.337,7.427,39802.76,43274.58,56720.25
2018-04-12,7.29,7.34,7.18,7.18,35867.52,-0.11,-1.51,7.26,7.354,7.445,42048.6,46372.3,57577.24
2018-04-11,7.3,7.35,7.29,7.25,44823.84,0.03,0.41,7.328,7.368,7.474,45522.12,49097.01,58315.45
2018-04-10,7.25,7.3,7.25,7.16,40398.07,0.01,0.14,7.368,7.357,7.499,46986.22,51715.75,59035.93
2018-04-09,7.17,7.31,7.24,7.13,45960.89,-0.08,-1.09,7.412,7.348,7.522,47840.81,60460.04,60220.52
2018-04-04,7.49,7.54,7.34,7.31,43192.68,-0.18,-2.39,7.446,7.415,7.539,46746.4,67507.36,60136.92
2018-04-03,7.31,7.54,7.52,7.26,53235.1,0.03,0.4,7.448,7.451,7.549,50696.01,70410.59,59479.86
2018-04-02,7.47,7.63,7.49,7.45,52144.36,0.02,0.27,7.408,7.464,7.555,52671.9,69284.5,58753.57
2018-03-30,7.47,7.48,7.47,7.39,44671.01,0.06,0.81,7.346,7.484,7.56,56445.27,69443.39,58752.79
2018-03-29,7.38,7.45,7.41,7.33,40488.85,0.08,1.09,7.284,7.496,7.567,73079.27,69946.96,58718.06
2018-03-28,7.24,7.52,7.35,7.19,62940.71,0.04,0.55,7.384,7.517,7.583,88268.33,70165.92,61260.88
2018-03-27,7.27,7.39,7.32,7.22,63114.58,0.13,1.81,7.454,7.535,7.593,90125.18,68782.17,60336.03
2018-03-26,6.9,7.2,7.18,6.82,71011.2,0.04,0.56,7.52,7.579,7.597,85897.09,67533.89,59351.61
2018-03-23,7.71,7.79,7.16,7.12,127840.99,-0.75,-9.48,7.622,7.64,7.607,82441.51,66356.12,57448.04
2018-03-22,7.68,7.93,7.91,7.55,116434.15,0.21,2.73,7.708,7.695,7.611,66814.66,59981.01,52377.94
2018-03-21,7.63,7.88,7.7,7.63,72224.96,0.05,0.65,7.65,7.663,7.576,52063.51,52766.48,47844.69
2018-03-20,7.64,7.67,7.65,7.51,41974.14,-0.03,-0.39,7.616,7.647,7.546,47439.16,48549.13,45277.8
2018-03-19,7.58,7.78,7.69,7.56,53733.31,0.1,1.32,7.638,7.646,7.518,49170.69,48222.64,44394.22
2018-03-16,7.63,7.72,7.59,7.57,49706.75,-0.03,-0.39,7.658,7.635,7.484,50270.72,48062.19,43120.77
2018-03-15,7.56,7.62,7.62,7.48,42678.38,0.09,1.2,7.682,7.637,7.445,53147.35,47489.15,42851.13
2018-03-14,7.72,7.77,7.53,7.52,49103.22,-0.22,-2.84,7.676,7.649,7.415,53469.45,52355.84,42473.37
2018-03-13,7.77,7.84,7.76,7.74,50631.78,-0.03,-0.39,7.678,7.65,7.381,49659.1,51889.89,42187.06
2018-03-12,7.71,7.82,7.79,7.67,59233.47,0.08,1.04,7.654,7.615,7.331,47274.58,51169.34,43451.19
2018-03-09,7.58,7.76,7.71,7.55,64089.9,0.12,1.58,7.612,7.574,7.311,45853.67,48539.97,42236.28
2018-03-08,7.54,7.62,7.59,7.49,44288.9,0.05,0.66,7.592,7.527,7.299,41830.95,44774.87,40966.7
2018-03-07,7.6,7.62,7.54,7.5,30051.45,-0.1,-1.31,7.622,7.488,7.297,51242.23,42922.9,42230.81
2018-03-06,7.58,7.67,7.64,7.52,38709.2,0.06,0.79,7.622,7.445,7.321,54120.69,42006.47,44405.26
2018-03-05,7.6,7.65,7.58,7.45,52128.88,-0.04,-0.53,7.576,7.389,7.365,55064.09,40565.8,43426.78
2018-03-02,7.63,7.71,7.61,7.58,43976.32,-0.13,-1.68,7.536,7.332,7.412,51226.28,38179.35,43446.89
2018-03-01,7.45,7.85,7.74,7.43,91345.29,0.21,2.79,7.462,7.252,7.468,47718.8,38213.11,42378.28
2018-02-28,7.38,7.56,7.54,7.33,44443.74,0.12,1.62,7.354,7.181,7.519,34603.57,32590.9,39358.02
2018-02-27,7.38,7.58,7.41,7.32,43426.2,0.03,0.41,7.268,7.112,7.579,29892.25,32484.23,38767.41
2018-02-26,7.24,7.39,7.38,7.24,32939.83,0.15,2.08,7.202,7.046,7.643,26067.52,35733.04,37898.06
2018-02-23,7.19,7.28,7.24,7.17,26438.92,0.04,0.56,7.128,7.048,7.708,25132.43,35932.59,38019.68
2018-02-22,7.16,7.24,7.2,7.11,25769.15,0.09,1.27,7.042,7.07,7.778,28707.42,37158.52,38202.78
2018-02-14,7.07,7.11,7.11,7.01,20887.17,0.03,0.42,7.008,7.105,7.849,30578.23,41538.72,38495.95
2018-02-13,7.0,7.12,7.08,7.0,24302.52,0.07,1.0,6.956,7.196,7.927,35076.21,46804.06,40324.72
2018-02-12,6.81,7.07,7.01,6.81,28264.38,0.21,3.09,6.89,7.34,8.01,45398.57,46287.76,40849.07
2018-02-09,6.9,6.95,6.81,6.7,44313.88,-0.21,-2.99,6.968,7.491,8.098,46732.76,48714.42,42595.2
2018-02-08,6.88,7.04,7.03,6.84,35123.2,0.19,2.78,7.098,7.684,8.214,45609.62,46543.46,41602.91
2018-02-07,6.91,6.96,6.85,6.69,43377.09,0.1,1.48,7.202,7.856,8.319,52499.21,46125.14,41245.24
2018-02-06,7.26,7.33,6.75,6.7,75914.28,-0.65,-8.78,7.436,8.045,8.431,58531.9,45050.58,40806.09
2018-02-05,7.3,7.47,7.4,7.28,34935.33,-0.06,-0.8,7.79,8.239,8.551,47176.96,40063.08,38328.88
2018-02-02,7.65,7.65,7.46,7.34,38698.2,-0.08,-1.06,8.014,8.368,8.641,50696.09,40106.78,38517.36
2018-02-01,8.05,8.12,7.55,7.52,69571.15,-0.47,-5.86,8.27,8.486,8.726,47477.29,39247.03,38009.37
2018-01-31,8.51,8.51,8.02,8.01,73540.54,-0.49,-5.76,8.51,8.593,8.806,39751.06,35453.18,36417.67
2018-01-30,8.52,8.55,8.52,8.48,19139.58,0.0,0.0,8.654,8.657,8.867,31569.26,33845.39,36766.09
2018-01-29,8.7,8.7,8.52,8.5,52530.98,-0.22,-2.52,8.688,8.68,8.893,32949.2,35410.37,37500.9
2018-01-26,8.75,8.77,8.74,8.7,22604.2,-0.01,-0.11,8.722,8.704,8.915,29517.46,36475.99,35971.01
2018-01-25,8.7,8.86,8.75,8.69,30940.02,0.01,0.11,8.702,8.743,8.924,31016.77,36662.37,36020.74
2018-01-24,8.66,8.75,8.74,8.65,32631.51,0.05,0.57,8.676,8.782,8.932,31155.3,36365.34,35617.35
2018-01-23,8.67,8.72,8.69,8.63,26039.3,0.0,0.0,8.66,8.816,8.945,36121.52,36561.6,35267.74
2018-01-22,8.64,8.72,8.69,8.5,35372.27,0.05,0.58,8.672,8.862,8.955,37871.54,36594.67,35631.74
2018-01-19,8.62,8.68,8.64,8.58,30100.75,0.01,0.12,8.686,8.913,8.975,43434.51,36927.94,35587.99
2018-01-18,8.63,8.68,8.62,8.56,31632.67,-0.03,-0.35,8.784,8.966,9.001,42307.97,36771.72,37171.32
2018-01-17,8.76,8.77,8.66,8.47,57462.61,-0.1,-1.14,8.888,9.019,9.024,41575.38,37382.16,39080.46
2018-01-16,8.81,8.84,8.75,8.69,34789.41,-0.02,-0.23,8.972,9.076,9.044,37001.69,39686.8,37612.85
2018-01-15,9.14,9.15,8.76,8.76,63187.11,-0.38,-4.16,9.052,9.106,9.057,35317.81,39591.44,37138.28
2018-01-12,9.12,9.17,9.13,9.08,24468.03,-0.01,-0.11,9.14,9.125,9.072,30421.37,35466.03,36365.18
2018-01-11,9.12,9.16,9.14,9.05,27969.74,0.06,0.66,9.148,9.105,9.066,31235.47,35379.11,36477.19
2018-01-10,9.17,9.22,9.08,9.04,34594.15,-0.07,-0.77,9.15,9.081,9.063,33188.94,34869.37,36690.29
2018-01-09,9.17,9.22,9.15,9.12,26370.0,-0.05,-0.54,9.18,9.073,9.055,42371.91,33973.87,35992.08
2018-01-08,9.14,9.21,9.2,9.1,38704.91,0.03,0.33,9.16,9.047,9.05,43865.06,34668.81,36131.84
2018-01-05,9.14,9.2,9.17,9.11,28538.55,0.03,0.33,9.11,9.036,9.04,40510.69,34248.04,35969.57
2018-01-04,9.2,9.2,9.15,9.13,37737.09,-0.09,-0.97,9.062,9.035,9.024,39522.75,37570.92,35600.55
2018-01-03,9.02,9.25,9.23,9.01,80508.99,0.18,1.99,9.012,9.029,9.012,36549.79,40778.75,35364.12
2018-01-02,8.98,9.06,9.05,8.94,33835.78,0.1,1.12,8.966,9.012,8.993,25575.83,35538.9,34157.09
2017-12-29,8.94,8.96,8.95,8.89,21933.04,0.02,0.22,8.934,9.007,8.994,25472.55,34685.12,34438.72
2017-12-28,8.95,8.99,8.93,8.91,23598.85,0.01,0.11,8.962,9.018,9.011,27985.39,37264.32,34415.39
2017-12-27,9.0,9.06,8.9,8.9,22872.3,-0.1,-1.11,9.008,9.027,9.027,35619.09,37575.28,34757.07
2017-12-26,8.91,9.01,9.0,8.85,25639.16,0.1,1.12,9.046,9.044,9.051,45007.71,38511.21,35352.51
2017-12-25,9.09,9.1,8.89,8.89,33319.41,-0.2,-2.2,9.058,9.037,9.068,45501.98,38010.29,34927.43
2017-12-22,9.12,9.15,9.09,9.03,34497.24,-0.07,-0.76,9.08,9.052,9.088,43897.68,37594.88,34295.35
2017-12-21,8.99,9.23,9.16,8.99,61767.34,0.07,0.77,9.074,9.043,9.097,46543.25,37691.11,34143.09
2017-12-20,9.16,9.3,9.09,9.06,69815.4,0.03,0.33,9.046,9.013,9.097,39531.47,33630.17,33107.37
2017-12-19,9.01,9.06,9.06,8.98,28110.49,0.05,0.56,9.042,8.995,9.112,32014.71,29949.49,31583.6
2017-12-18,9.08,9.09,9.0,8.96,25297.94,-0.07,-0.77,9.016,8.974,9.13,30518.6,32775.28,34651.88
2017-12-15,9.04,9.11,9.06,9.01,47725.1,0.04,0.44,9.024,8.98,9.157,31292.07,34192.33,35613.19
2017-12-14,9.08,9.08,9.02,8.95,26708.41,-0.05,-0.55,9.012,9.004,9.184,28838.96,31566.46,36321.47
2017-12-13,8.9,9.12,9.07,8.9,32231.63,0.15,1.68,8.98,9.027,9.234,27728.87,31938.87,36696.7
2017-12-12,9.04,9.04,8.93,8.92,20629.94,-0.12,-1.33,8.948,9.058,9.286,27884.26,32193.82,36995.73
2017-12-11,8.99,9.06,9.04,8.91,29165.28,0.03,0.33,8.932,9.099,9.349,35031.96,31844.58,38141.91
2017-12-08,8.87,9.01,9.0,8.85,35459.52,0.14,1.58,8.936,9.123,9.406,37092.59,30995.83,39334.79
2017-12-07,8.88,8.99,8.86,8.84,21158.0,-0.06,-0.67,8.996,9.15,9.471,34293.96,30595.07,39597.36
2017-12-06,8.88,8.93,8.91,8.75,33008.54,0.03,0.34,9.074,9.18,9.547,36148.86,32584.57,40589.39
2017-12-05,9.04,9.14,8.85,8.83,56368.47,-0.21,-2.32,9.168,9.229,9.621,36503.38,33217.71,41427.49
2017-12-04,9.29,9.29,9.06,9.03,39468.4,-0.24,-2.58,9.266,9.285,9.701,28657.19,36528.48,41194.89
2017-12-01,9.27,9.32,9.3,9.24,21466.4,0.05,0.54,9.31,9.333,9.77,24899.08,37034.06,41922.34
2017-11-30,9.4,9.4,9.25,9.24,30432.5,-0.12,-1.28,9.304,9.364,9.825,26896.18,41076.47,43372.79
2017-11-29,9.34,9.47,9.38,9.3,34781.12,0.04,0.43,9.286,9.44,9.877,29020.27,41454.53,44588.1
2017-11-28,9.34,9.36,9.34,9.25,17137.53,0.07,0.76,9.29,9.513,9.928,29932.04,41797.65,45743.5
2017-11-27,9.35,9.36,9.28,9.25,20677.83,0.01,0.11,9.304,9.599,9.983,44399.76,44439.25,47126.71
2017-11-24,9.21,9.35,9.27,9.19,31451.93,0.08,0.87,9.356,9.689,10.034,49169.04,47673.75,51085.11
2017-11-23,9.35,9.44,9.16,9.16,41052.93,-0.24,-2.55,9.424,9.792,10.104,55256.76,48599.64,53026.93
2017-11-22,9.42,9.45,9.4,9.28,39339.98,-0.02,-0.21,9.594,9.913,10.192,53888.79,48594.21,56518.77
2017-11-21,9.52,9.52,9.41,9.3,89476.14,-0.12,-1.26,9.736,10.013,10.266,53663.26,49637.28,63976.46
2017-11-20,9.69,9.69,9.54,9.4,44524.22,-0.07,-0.73,9.894,10.116,10.32,44478.73,45861.3,62400.27
2017-11-17,9.99,10.05,9.61,9.58,61890.54,-0.4,-4.0,10.022,10.206,10.375,46178.45,46810.62,64078.29
2017-11-16,10.11,10.12,10.01,10.0,34213.07,-0.09,-0.89,10.16,10.286,10.419,41942.53,45669.11,62648.18
2017-11-15,10.19,10.25,10.11,10.08,38212.32,-0.09,-0.88,10.232,10.314,10.438,43299.62,47721.67,64385.81
2017-11-14,10.2,10.35,10.2,10.16,43553.52,0.02,0.2,10.29,10.343,10.462,45611.29,49689.34,67464.79
2017-11-13,10.27,10.33,10.18,10.15,53022.81,-0.12,-1.17,10.338,10.366,10.486,47243.86,49814.18,69234.2
2017-11-10,10.37,10.37,10.3,10.27,40710.91,-0.08,-0.77,10.39,10.378,10.515,47442.79,54496.48,75420.99
2017-11-09,10.38,10.43,10.37,10.31,40998.55,-0.03,-0.29,10.412,10.416,10.56,49395.7,57454.22,86589.79
2017-11-08,10.43,10.44,10.4,10.33,49770.67,-0.04,-0.38,10.396,10.471,10.57,52143.72,64443.32,86209.05
2017-11-07,10.38,10.44,10.44,10.3,51716.34,0.0,0.0,10.396,10.519,10.578,53767.4,78315.65,85626.22
2017-11-06,10.36,10.45,10.44,10.19,54017.5,0.03,0.29,10.394,10.523,10.587,52384.5,78939.25,84575.12
2017-11-03,10.3,10.49,10.41,10.26,50475.42,0.12,1.17,10.366,10.543,10.591,61550.16,81345.95,83426.95
2017-11-02,10.43,10.43,10.29,10.24,54738.65,-0.11,-1.06,10.42,10.552,10.6,65512.74,79627.25,85161.24
2017-11-01,10.42,10.58,10.4,10.38,57889.07,-0.03,-0.29,10.546,10.561,10.617,76742.93,81049.95,86851.38
2017-10-31,10.28,10.44,10.43,10.28,44801.85,0.13,1.26,10.642,10.581,10.63,102863.9,85240.24,88555.04
2017-10-30,10.65,10.69,10.3,10.25,99845.83,-0.38,-3.56,10.652,10.605,10.643,105494.0,88654.22,91289.62
2017-10-27,10.84,10.88,10.68,10.63,70288.31,-0.24,-2.2,10.72,10.652,10.665,101141.73,96345.49,90719.21
2017-10-26,10.83,10.94,10.92,10.67,110889.6,0.04,0.37,10.684,10.704,10.664,93741.75,115725.37,92178.56
2017-10-25,10.53,11.12,10.88,10.46,188493.89,0.4,3.82,10.576,10.668,10.645,85356.97,107974.77,90739.24
2017-10-24,10.75,10.75,10.48,10.33,57952.36,-0.16,-1.5,10.52,10.636,10.625,67616.59,92936.79,82593.02
2017-10-23,10.51,10.83,10.64,10.43,78084.51,0.14,1.33,10.558,10.65,10.638,71814.44,90211.0,84833.08
2017-10-20,10.4,10.51,10.5,10.38,33288.41,0.12,1.16,10.584,10.638,10.638,91549.25,85507.94,85507.94
2017-10-19,10.55,10.65,10.38,10.33,68965.68,-0.22,-2.08,10.724,10.653,10.653,137708.98,91310.11,91310.11
2017-10-18,10.72,10.93,10.6,10.6,99792.0,-0.07,-0.66,10.76,10.688,10.688,130592.56,94103.17,94103.17
2017-10-17,10.69,10.79,10.67,10.62,78941.59,-0.1,-0.93,10.752,10.7,10.7,118256.98,93290.47,93290.47
2017-10-16,11.07,11.07,10.77,10.74,176758.59,-0.43,-3.84,10.742,10.705,10.705,108607.56,95681.96,95681.96
2017-10-13,10.51,11.31,11.2,10.5,264087.03,0.64,6.06,10.692,10.692,10.692,79466.63,79466.63,79466.63
2017-10-12,10.56,10.62,10.56,10.49,33383.61,0.0,0.0,10.565,10.565,10.565,33311.53,33311.53,33311.53
2017-10-11,10.62,10.65,10.56,10.54,38114.1,-0.06,-0.56,10.567,10.567,10.567,33287.5,33287.5,33287.5
2017-10-10,10.52,10.62,10.62,10.47,30694.48,0.1,0.95,10.57,10.57,10.57,30874.2,30874.2,30874.2
2017-10-09,10.49,10.58,10.52,10.48,31053.92,0.12,1.15,10.52,10.52,10.52,31053.92,31053.92,31053.92
